10,10,1044 Middlefield Road,,Redwood City,CA,94063,US
11,11,2140 Euclid Avenue.,,Redwood City,CA,94061,US
12,12,1044 Middlefield Road,2nd Floor,Redwood City,CA,94063,US
13,13,399 Marine Parkway.,,Redwood City,CA,94065,US
14,14,660 Veterans Blvd.,,Redwood City,CA,94063,US
15,15,1500 Valencia Street,,San Francisco,CA,94110,US
16,16,1161 South Bernardo,,Sunnyvale,CA,94087,US
17,17,409 South Spruce Avenue,,South San Francisco,CA,94080,US
18,18,114 Fifth Avenue,,Redwood City,CA,94063,US
19,19,19 West 39th Avenue,,San Mateo,CA,94403,US
20,21,123 El Camino Real,,Belmont,CA,94002,US
